episode,reward
1,-0.6179461320767519
2,2.0952561812412402
3,3.1043814559628187
4,0.10672648580149824
5,3.8032572654368955
6,0.19488999451314942
7,0.5734666895642927
8,0.8325744755691014
9,3.8735025737604687
10,3.9720896277971978
11,1.5897245238635989
12,-2.0131374955161885
13,0.7312345898117733
14,0.5607774192215933
15,2.4761663605970115
16,1.2966232633218329
17,0.8815486017287203
18,1.2365617593428988
19,0.8778392567307162
20,1.734787497922387
21,1.1810026302736685
22,1.4443704971144196
23,1.6631308905374131
24,-0.6117691354467584
25,2.186566988379839
26,2.172118879906767
27,-0.4784805467513745
28,0.6544370621616566
29,2.0537860353139212
30,0.7962663679298495
31,2.64062148813909
32,0.965506267699152
33,1.3625120128687285
34,3.7538100982155713
35,-0.02385216842910376
36,1.8372974239028022
37,-0.7052842344581696
38,1.9776558006573945
39,0.6290232739323772
40,0.19998923785636807
41,1.0539461033194282
42,0.7933288777942192
43,1.5973628927494836
44,1.6126711856201574
45,1.476450328109466
46,0.010224894908443805
47,0.7829477838859074
48,0.09823939257202952
49,3.4656206635558817
50,2.4688803033037465
51,1.345810389209205
52,1.829789430061878
53,0.919631098104083
54,1.3774201355446951
55,2.7011429097231625
56,1.6319688359162887
57,1.3419832396372615
58,5.105601868762087
59,3.2333910016535334
60,-0.15295277530825624
61,-1.457882538245928
62,1.8447256733329407
63,0.451289818896933
64,1.2226582805044157
65,2.4163312078001074
66,2.1812065157391425
67,-2.2585872144749897
68,0.8747920297318041
69,0.48233732170240473
70,0.26873575718954146
71,0.7258250936365235
72,3.574117763968986
73,1.0529991743844005
74,2.338119535518414
75,0.2950897517935429
76,0.749568071024959
77,0.19599385676153883
78,1.4236691552813032
79,0.19998867536402568
80,4.609145965582939
81,0.8327507292303727
82,1.7035641956587835
83,1.995904914902275
84,3.598384117025253
85,5.696671577161349
86,-0.17981692215085332
87,4.073751689706339
88,0.6177619863136414
89,0.2097015480558856
90,1.6976093540166974
91,0.24210992141740584
92,1.0114176492946132
93,4.422451094105403
94,2.0462359120682176
95,2.6757531639375545
96,2.9970613729875275
97,2.819834205928397
98,6.29579968040113
99,1.4695939447546753
100,1.6474623734827676
101,2.6121075906052704
102,4.7362172172910455
103,1.3935508071396439
104,3.971168879848824
105,3.0567311871135074
106,3.2778919372640427
107,1.79901277247604
108,4.627251291720323
109,2.8330392539809193
110,2.3747152195241705
111,2.178445666217486
112,1.0456562604920787
113,-2.487410176644101
114,3.550354890332292
115,2.0411875432997824
116,1.5272517051888812
117,-2.25707137021218
118,1.8252133269582833
119,0.5525450113088901
120,2.322548088646376
121,1.2432416270925175
122,1.7167337760987964
123,1.4547146183813444
124,0.7645665047517014
125,1.1491587505310363
126,3.4496331110208636
127,1.1656504785294926
128,0.9370577281991024
129,1.8634360493827158
130,0.9687947515280295
131,-0.0725567794573223
132,-1.4177741212066624
133,-1.4396605391801782
134,0.20644953835587232
135,4.51495378254816
136,1.4715248125921077
137,-2.0327584742166347
138,0.39033265341350265
139,-0.5012525124938283
140,-0.44561462654808587
141,-0.057093498515423
142,0.5713510402311576
143,0.011975020164022465
144,-0.7588940749271235
145,-2.1228345698247715
146,1.141901217101893
147,-0.22664123840246753
148,-1.1819056494111018
149,2.243612020927279
150,-0.17797955401614085
151,1.3759786164390908
152,0.12106895307173704
153,2.6885491438752203
154,2.011976881901312
155,3.094739957114623
156,2.3378978567477153
157,3.7210076489978037
158,5.235324172557576
159,4.301499332888186
160,3.150341457561801
161,1.2168792292129367
162,3.751547059063838
163,1.7465636221888858
164,3.5491453313788375
165,2.2675762707790437
166,0.7913905150329599
167,3.596862178380578
168,1.1873609762511441
169,4.693300643208906
170,4.220655226251758
171,2.249608559390562
172,1.784653270532482
173,1.2636209988861236
174,5.2287180306540515
175,2.3012927948516655
176,9.412148139948636
177,3.003002029260273
178,8.478001168684871
179,1.4947765398028432
180,4.700049379270804
181,1.7034073805440086
182,3.9622941757232524
183,3.0615095435849407
184,1.0369656775593952
185,4.352170379565071
186,3.127368152101705
187,7.009792602918737
188,4.106401789053406
189,6.870975567696732
190,2.4447798131270826
191,3.2350904828102363
192,4.320718812992443
193,3.770088142132515
194,7.607573217517178
195,2.2731272111192395
196,3.2836196224237204
197,2.9647909393027363
198,3.153591257770588
199,5.418342112564243
200,3.6758019409576645
201,1.5387987754358097
202,5.147169703364924
203,7.7857609872293025
204,4.158351461388816
205,10.10548969915278
206,7.98979892091403
207,4.075072711381667
208,1.2247683319437932
209,10.257581347964857
210,6.015186495700163
211,2.988093266434153
212,2.627455146231243
213,7.989397474883517
214,1.8931249194216386
215,4.641579279503371
216,2.7616680159566815
217,3.051769018304042
218,8.360962269256106
219,12.676075978180974
220,3.0189321729788103
221,3.437251761330811
222,5.870701651257523
223,2.631076052784985
224,8.224738495085845
225,10.711231583435927
226,1.3532114743201138
227,5.346066491601147
228,10.130015960430699
229,4.909147939542406
230,3.4278056629979177
231,2.8685926619116127
232,7.846693046097718
233,4.744471291232369
234,2.5170376271627815
235,7.536049531999813
236,0.19998980839738847
237,8.296696733166343
238,1.6692116832227726
239,6.816327853523851
240,13.106589490548046
241,4.228329997390763
242,1.4938298012321032
243,5.9032863787017265
244,8.562491925333212
245,3.877390932683788
246,3.9989146824715704
247,5.5625569490050335
248,9.50604664812418
249,5.287032885120798
250,9.892761660959192
251,4.805244737750699
252,5.09794600061319
253,1.5078564289775354
254,8.782215207146072
255,9.348418993179251
256,4.929420186815572
257,3.2350893346699046
258,4.667146521434392
259,7.486499253769613
260,6.620579830822235
261,10.119885330259459
262,8.370983612627828
263,2.706321642805581
264,10.457735079725785
265,2.1285834876143337
266,12.210581528318654
267,9.451907557519135
268,10.493570546594086
269,6.6988119264041845
270,1.3399642687288764
271,2.7446656016984545
272,7.855286688731043
273,4.467428071263593
274,15.37147503793013
275,13.453753629050164
276,4.711320285449682
277,10.05274094353688
278,4.702250614541535
279,4.1458016139456735
280,10.574347223965798
281,5.020670916434027
282,11.515730727468968
283,5.449881731074086
284,2.391756379844252
285,10.758570745561995
286,6.6718152074481365
287,7.109383021835991
288,11.759112884016636
289,0.8258296239964775
290,10.162344147652
291,3.9153899289631537
292,7.766078443812575
293,4.918394912955491
294,10.20405951240068
295,7.8145241539550225
296,8.763816546216958
297,8.914720873586505
298,9.474298230042077
299,3.912344381826043
300,2.8908453433587025
301,11.865110562870544
302,12.00646294206609
303,12.529804474694018
304,10.343379035674227
305,10.136633088675564
306,2.210567925178494
307,8.475467731411175
308,1.2896721848975599
309,1.6777075901245329
310,5.688207649339959
311,2.7512586838309283
312,13.566168634743269
313,6.073956365324065
314,14.217430024047152
315,16.164033416907966
316,5.954952494252651
317,2.41238313544816
318,9.223974304776554
319,1.586856207951111
320,3.512442523935507
321,17.08811835333734
322,4.746563725607132
323,4.8697304209547765
324,4.265448678301251
325,11.306102435122297
326,6.202229595752109
327,8.791383801941613
328,12.059429599653813
329,11.565326972902753
330,12.634084529289103
331,3.8742372601155157
332,10.725576221068472
333,13.276187592173658
334,7.466362518135486
335,7.614375996081114
336,14.360303456713604
337,6.958748741808789
338,1.6684643086908282
339,14.598970215221938
340,14.17375313889776
341,16.51248477396618
342,3.3261588473919983
343,13.958954718269428
344,12.889485391185596
345,4.445126705366242
346,1.9537765684539248
347,4.021867282625081
348,14.06165013223249
349,15.233859245124135
350,16.403397831401293
351,15.816814574199443
352,14.749016533370144
353,8.46315079819309
354,11.254765489094623
355,5.706443235942889
356,14.1626802852749
357,1.510738731779154
358,5.402117959032282
359,3.1579776418415415
360,16.663970920617196
361,11.28056675769141
362,11.140654506259743
363,13.144188217542446
364,8.075593504011756
365,5.435172768072126
366,5.0802069037660855
367,15.817954585890378
368,18.12501798984856
369,14.0671130009949
370,14.35063844010312
371,5.303247751645068
372,11.959833926143418
373,13.968156967580768
374,15.37662701676454
375,5.96453081763086
376,8.347329110141045
377,3.8025862020944943
378,5.325146949660127
379,5.784506980868606
380,13.81045136931176
381,7.500517736203137
382,9.901473892121434
383,10.732094901591658
384,4.364038320216883
385,6.9379160597763345
386,13.451129308629824
387,2.688707990144648
388,4.568973656612065
389,17.04923409601456
390,16.388154939546137
391,0.19999739021345314
392,13.62433865476913
393,1.4909942497120325
394,14.04539235408659
395,2.7480237849575566
396,15.47693682557769
397,12.87001749822492
398,16.063802161183073
399,12.146437799983508
400,15.077202786723499
401,2.807233476833728
402,3.8839381719263417
403,14.025812255658751
404,11.069561474304304
405,2.307849909288234
406,17.703999684667995
407,15.582618211158112
408,1.7800931921601917
409,3.216629045344102
410,16.503713436519305
411,11.46735977883312
412,0.14339887989361996
413,16.966112573940205
414,15.787174348803168
415,16.8674135473421
416,7.537712871583086
417,0.19999800581039387
418,14.642010909639543
419,12.525447558767489
420,1.4909256827078088
421,1.9458118397838653
422,4.0302274648403635
423,6.683396190793354
424,9.38443119845019
425,13.014971497673155
426,13.369414005107865
427,14.628306999853978
428,9.643066550011245
429,9.046130182622017
430,9.401103879669037
431,16.28755137269378
432,16.34706067608708
433,11.390231241235325
434,13.834248911250638
435,15.016907920567382
436,13.865899772484326
437,4.9984316981354695
438,5.0954454002685745
439,17.078124106396267
440,16.589002826098373
441,3.8400923664412203
442,14.022535926828603
443,16.756151626109116
444,11.345452513916428
445,2.0005617428504836
446,16.075555306951365
447,13.586968928979278
448,16.29674654687485
449,9.019452179037911
450,13.509500462796463
451,15.266489595882252
452,15.75535373917114
453,13.135150037551382
454,4.039912031937645
455,15.677486915706552
456,12.714273355997328
457,7.355315610073123
458,15.62471557878065
459,17.53328694480109
460,15.71303038642557
461,16.80617143408865
462,12.136369590504001
463,3.044842356256941
464,14.151537940792641
465,4.957785334808716
466,14.307782978531767
467,14.260612242428229
468,0.20017649537014526
469,14.990824750715635
470,17.288056786306562
471,3.7128334659182474
472,17.306847050225684
473,14.127468700774608
474,13.163590896430135
475,15.727485998773407
476,17.025696229075898
477,17.133476236070358
478,16.69440210745875
479,8.739272546059428
480,5.721624010521256
481,2.365260865272796
482,9.702024365850601
483,3.215728835964046
484,17.054457623998196
485,2.7725388049564312
486,12.232202859242742
487,15.804571423797315
488,14.991040107415381
489,6.237289322762866
490,13.98333919201744
491,14.938765178561809
492,18.48152230305007
493,2.8736654560194186
494,8.757928974695703
495,15.33683256109574
496,11.16711864722657
497,15.713343810572903
498,3.2585001822908093
499,17.883785967807547
500,5.443793943220429
